2024-09-13 12:34:53,Ricevuto pkt
2024-09-13 12:34:53,Ricevuto pkt
2024-09-13 12:34:54,Ricevuto pkt
2024-09-13 12:34:54,Ricevuto pkt
2024-09-13 12:34:55,Ricevuto pkt
2024-09-13 12:34:55,Ricevuto pkt
2024-09-13 12:34:55,Ricevuto pkt
2024-09-13 12:35:03,Ricevuto pkt
2024-09-13 12:35:03,Ricevuto pkt
2024-09-13 12:35:03,Ricevuto pkt
2024-09-13 12:35:03,Ricevuto pkt
2024-09-13 12:35:03,Ricevuto pkt
2024-09-13 12:35:03,Ricevuto pkt
2024-09-13 12:35:03,Ricevuto pkt
2024-09-13 12:35:03,Ricevuto pkt
2024-09-13 12:35:03,Ricevuto pkt
2024-09-13 12:35:03,Ricevuto pkt
2024-09-13 12:35:03,Ricevuto pkt
2024-09-13 12:35:03,Ricevuto pkt
2024-09-13 12:35:03,Ricevuto pkt
2024-09-13 12:35:03,Ricevuto pkt
2024-09-13 12:35:03,Ricevuto pkt
2024-09-13 12:35:03,Ricevuto pkt
2024-09-13 12:35:04,Ricevuto pkt
2024-09-13 12:35:04,Ricevuto pkt
2024-09-13 12:35:04,Ricevuto pkt
2024-09-13 12:35:04,Ricevuto pkt
2024-09-13 12:35:04,Ricevuto pkt
2024-09-13 12:35:04,Ricevuto pkt
2024-09-13 12:35:04,Ricevuto pkt
2024-09-13 12:35:04,Ricevuto pkt
2024-09-13 12:35:04,Ricevuto pkt
2024-09-13 12:35:04,Ricevuto pkt
2024-09-13 12:35:04,Ricevuto pkt
2024-09-13 12:35:04,Ricevuto pkt
2024-09-13 12:35:04,Ricevuto pkt
2024-09-13 12:35:04,Ricevuto pkt
2024-09-13 12:35:04,Ricevuto pkt
2024-09-13 12:35:04,Ricevuto pkt
2024-09-13 12:35:04,Ricevuto pkt
2024-09-13 12:35:05,Ricevuto pkt
2024-09-13 12:35:05,Ricevuto pkt
2024-09-13 12:35:05,Ricevuto pkt
2024-09-13 12:35:05,Ricevuto pkt
2024-09-13 12:35:05,Ricevuto pkt
2024-09-13 12:35:05,Ricevuto pkt
2024-09-13 12:35:06,Ricevuto pkt
2024-09-13 12:35:06,Ricevuto pkt
2024-09-13 12:35:06,Ricevuto pkt
2024-09-13 12:35:06,Ricevuto pkt
2024-09-13 12:35:06,Ricevuto pkt
2024-09-13 12:35:06,Ricevuto pkt
2024-09-13 12:35:06,Ricevuto pkt
2024-09-13 12:35:06,Ricevuto pkt
2024-09-13 12:35:06,Ricevuto pkt
2024-09-13 12:35:06,Ricevuto pkt
2024-09-13 12:35:06,Ricevuto pkt
2024-09-13 12:35:06,Ricevuto pkt
2024-09-13 12:35:06,Ricevuto pkt
2024-09-13 12:35:06,Ricevuto pkt
2024-09-13 12:35:06,Ricevuto pkt
2024-09-13 12:35:06,Ricevuto pkt
2024-09-13 12:35:06,Ricevuto pkt
2024-09-13 12:35:06,Ricevuto pkt
2024-09-13 12:35:06,Ricevuto pkt
2024-09-13 12:35:06,Ricevuto pkt
2024-09-13 12:35:06,Ricevuto pkt
2024-09-13 12:35:06,Ricevuto pkt
2024-09-13 12:35:06,Ricevuto pkt
2024-09-13 12:35:06,Ricevuto pkt
2024-09-13 12:35:06,Ricevuto pkt
2024-09-13 12:35:06,Ricevuto pkt
2024-09-13 12:35:07,Ricevuto pkt
2024-09-13 12:35:07,Ricevuto pkt
2024-09-13 12:35:07,Ricevuto pkt
2024-09-13 12:35:07,Ricevuto pkt
2024-09-13 12:35:07,Ricevuto pkt
2024-09-13 12:35:08,Ricevuto pkt
2024-09-13 12:35:08,Ricevuto pkt
2024-09-13 12:35:08,Ricevuto pkt
2024-09-13 12:35:08,Ricevuto pkt
2024-09-13 12:35:08,Ricevuto pkt
2024-09-13 12:35:08,Ricevuto pkt
2024-09-13 12:35:09,Ricevuto pkt
2024-09-13 12:35:09,Ricevuto pkt
2024-09-13 12:35:09,Ricevuto pkt
2024-09-13 12:35:09,Ricevuto pkt
2024-09-13 12:35:09,Ricevuto pkt
2024-09-13 12:35:09,Ricevuto pkt
2024-09-13 12:35:10,Ricevuto pkt
2024-09-13 12:35:10,Ricevuto pkt
2024-09-13 12:35:10,Ricevuto pkt
2024-09-13 12:35:10,Ricevuto pkt
2024-09-13 12:35:10,Ricevuto pkt
2024-09-13 12:35:10,Ricevuto pkt
2024-09-13 12:35:10,Ricevuto pkt
2024-09-13 12:35:10,Ricevuto pkt
2024-09-13 12:35:10,Ricevuto pkt
2024-09-13 12:35:10,Ricevuto pkt
2024-09-13 12:35:11,Ricevuto pkt
2024-09-13 12:35:11,Ricevuto pkt
2024-09-13 12:35:11,Ricevuto pkt
2024-09-13 12:35:11,Ricevuto pkt
2024-09-13 12:35:12,Ricevuto pkt
2024-09-13 12:35:12,Ricevuto pkt
2024-09-13 12:35:12,Ricevuto pkt
2024-09-13 12:35:12,Ricevuto pkt
2024-09-13 12:35:12,Ricevuto pkt
2024-09-13 12:35:12,Ricevuto pkt
2024-09-13 12:35:12,Ricevuto pkt
2024-09-13 12:35:12,Ricevuto pkt
2024-09-13 12:35:12,Ricevuto pkt
2024-09-13 12:35:14,Ricevuto pkt
2024-09-13 12:35:14,Ricevuto pkt
2024-09-13 12:35:14,Ricevuto pkt
2024-09-13 12:35:14,Ricevuto pkt
2024-09-13 12:35:14,Ricevuto pkt
2024-09-13 12:35:14,Ricevuto pkt
2024-09-13 12:35:14,Ricevuto pkt
2024-09-13 12:35:14,Ricevuto pkt
2024-09-13 12:35:14,Ricevuto pkt
2024-09-13 12:35:14,Ricevuto pkt
2024-09-13 12:35:14,Ricevuto pkt
2024-09-13 12:35:16,Ricevuto pkt
2024-09-13 12:35:16,Ricevuto pkt
2024-09-13 12:35:16,Ricevuto pkt
2024-09-13 12:35:16,Ricevuto pkt
2024-09-13 12:35:16,Ricevuto pkt
2024-09-13 12:35:16,Ricevuto pkt
2024-09-13 12:35:16,Ricevuto pkt
2024-09-13 12:35:16,Ricevuto pkt
2024-09-13 12:35:18,Ricevuto pkt
2024-09-13 12:35:18,Ricevuto pkt
2024-09-13 12:35:18,Ricevuto pkt
2024-09-13 12:35:18,Ricevuto pkt
2024-09-13 12:35:18,Ricevuto pkt
2024-09-13 12:35:18,Ricevuto pkt
2024-09-13 12:35:18,Ricevuto pkt
2024-09-13 12:35:18,Ricevuto pkt
2024-09-13 12:35:18,Ricevuto pkt
2024-09-13 12:35:18,Ricevuto pkt
2024-09-13 12:35:18,Ricevuto pkt
2024-09-13 12:35:20,Ricevuto pkt
2024-09-13 12:35:20,Ricevuto pkt
2024-09-13 12:35:20,Ricevuto pkt
2024-09-13 12:35:20,Ricevuto pkt
2024-09-13 12:35:20,Ricevuto pkt
2024-09-13 12:35:20,Ricevuto pkt
2024-09-13 12:35:20,Ricevuto pkt
2024-09-13 12:35:20,Ricevuto pkt
2024-09-13 12:35:20,Ricevuto pkt
2024-09-13 12:35:22,Ricevuto pkt
2024-09-13 12:35:22,Ricevuto pkt
2024-09-13 12:35:22,Ricevuto pkt
2024-09-13 12:35:22,Ricevuto pkt
2024-09-13 12:35:22,Ricevuto pkt
2024-09-13 12:35:22,Ricevuto pkt
2024-09-13 12:35:22,Ricevuto pkt
2024-09-13 12:35:24,Ricevuto pkt
2024-09-13 12:35:24,Ricevuto pkt
2024-09-13 12:35:24,Ricevuto pkt
2024-09-13 12:35:24,Ricevuto pkt
2024-09-13 12:35:24,Ricevuto pkt
2024-09-13 12:35:24,Ricevuto pkt
2024-09-13 12:35:24,Ricevuto pkt
2024-09-13 12:35:24,Ricevuto pkt
2024-09-13 12:35:25,Ricevuto pkt
2024-09-13 12:35:26,Ricevuto pkt
2024-09-13 12:35:26,Ricevuto pkt
2024-09-13 12:35:26,Ricevuto pkt
2024-09-13 12:35:26,Ricevuto pkt
2024-09-13 12:35:27,Ricevuto pkt
2024-09-13 12:35:27,Ricevuto pkt
2024-09-13 12:35:27,Ricevuto pkt
2024-09-13 12:35:27,Ricevuto pkt
2024-09-13 12:35:27,Ricevuto pkt
2024-09-13 12:35:28,Ricevuto pkt
2024-09-13 12:35:28,Ricevuto pkt
2024-09-13 12:35:28,Ricevuto pkt
2024-09-13 12:35:29,Ricevuto pkt
2024-09-13 12:35:29,Ricevuto pkt
2024-09-13 12:35:29,Ricevuto pkt
2024-09-13 12:35:29,Ricevuto pkt
2024-09-13 12:35:30,Ricevuto pkt
2024-09-13 12:35:30,Ricevuto pkt
2024-09-13 12:35:30,Ricevuto pkt
2024-09-13 12:35:31,Ricevuto pkt
2024-09-13 12:35:31,Ricevuto pkt
2024-09-13 12:35:31,Ricevuto pkt
2024-09-13 12:35:31,Ricevuto pkt
2024-09-13 12:35:31,Ricevuto pkt
2024-09-13 12:35:31,Ricevuto pkt
2024-09-13 12:35:31,Ricevuto pkt
2024-09-13 12:35:31,Ricevuto pkt
2024-09-13 12:35:31,Ricevuto pkt
2024-09-13 12:35:31,Ricevuto pkt
2024-09-13 12:35:31,Ricevuto pkt
2024-09-13 12:35:31,Ricevuto pkt
2024-09-13 12:35:31,Ricevuto pkt
2024-09-13 12:35:31,Ricevuto pkt
2024-09-13 12:35:31,Ricevuto pkt
2024-09-13 12:35:31,Ricevuto pkt
2024-09-13 12:35:31,Ricevuto pkt
2024-09-13 12:35:31,Ricevuto pkt
2024-09-13 12:35:31,Ricevuto pkt
2024-09-13 12:35:31,Ricevuto pkt
2024-09-13 12:35:31,Ricevuto pkt
2024-09-13 12:35:31,Ricevuto pkt
2024-09-13 12:35:31,Ricevuto pkt
2024-09-13 12:35:31,Ricevuto pkt
2024-09-13 12:35:31,Ricevuto pkt
2024-09-13 12:35:31,Ricevuto pkt
2024-09-13 12:35:31,Ricevuto pkt
2024-09-13 12:35:31,Ricevuto pkt
2024-09-13 12:35:31,Ricevuto pkt
2024-09-13 12:35:31,Ricevuto pkt
2024-09-13 12:35:31,Ricevuto pkt
2024-09-13 12:35:31,Ricevuto pkt
2024-09-13 12:35:31,Ricevuto pkt
2024-09-13 12:35:31,Ricevuto pkt
2024-09-13 12:35:31,Ricevuto pkt
2024-09-13 12:35:32,Ricevuto pkt
2024-09-13 12:35:32,Ricevuto pkt
2024-09-13 12:35:32,Ricevuto pkt
2024-09-13 12:35:32,Ricevuto pkt
2024-09-13 12:35:32,Ricevuto pkt
2024-09-13 12:35:33,Ricevuto pkt
2024-09-13 12:35:33,Ricevuto pkt
2024-09-13 12:35:33,Ricevuto pkt
2024-09-13 12:35:33,Ricevuto pkt
2024-09-13 12:35:33,Ricevuto pkt
2024-09-13 12:35:33,Ricevuto pkt
2024-09-13 12:35:33,Ricevuto pkt
2024-09-13 12:35:34,Ricevuto pkt
2024-09-13 12:35:34,Ricevuto pkt
2024-09-13 12:35:34,Ricevuto pkt
2024-09-13 12:35:34,Ricevuto pkt
2024-09-13 12:35:35,Ricevuto pkt
2024-09-13 12:35:35,Ricevuto pkt
2024-09-13 12:35:35,Ricevuto pkt
2024-09-13 12:35:35,Ricevuto pkt
2024-09-13 12:35:35,Ricevuto pkt
2024-09-13 12:35:35,Ricevuto pkt
2024-09-13 12:35:35,Ricevuto pkt
2024-09-13 12:35:35,Ricevuto pkt
2024-09-13 12:35:35,Ricevuto pkt
2024-09-13 12:35:35,Ricevuto pkt
2024-09-13 12:35:35,Ricevuto pkt
2024-09-13 12:35:35,Ricevuto pkt
2024-09-13 12:35:35,Ricevuto pkt
2024-09-13 12:35:37,Ricevuto pkt
2024-09-13 12:35:37,Ricevuto pkt
2024-09-13 12:35:37,Ricevuto pkt
2024-09-13 12:35:37,Ricevuto pkt
2024-09-13 12:35:37,Ricevuto pkt
2024-09-13 12:35:37,Ricevuto pkt
2024-09-13 12:35:37,Ricevuto pkt
2024-09-13 12:35:37,Ricevuto pkt
2024-09-13 12:35:37,Ricevuto pkt
2024-09-13 12:35:37,Ricevuto pkt
2024-09-13 12:35:37,Ricevuto pkt
2024-09-13 12:35:38,Ricevuto pkt
2024-09-13 12:35:38,Ricevuto pkt
2024-09-13 12:35:38,Ricevuto pkt
2024-09-13 12:35:38,Ricevuto pkt
2024-09-13 12:35:38,Ricevuto pkt
2024-09-13 12:35:38,Ricevuto pkt
2024-09-13 12:35:38,Ricevuto pkt
2024-09-13 12:35:38,Ricevuto pkt
2024-09-13 12:35:38,Ricevuto pkt
2024-09-13 12:35:38,Ricevuto pkt
2024-09-13 12:35:38,Ricevuto pkt
2024-09-13 12:35:38,Ricevuto pkt
2024-09-13 12:35:38,Ricevuto pkt
2024-09-13 12:35:38,Ricevuto pkt
2024-09-13 12:35:38,Ricevuto pkt
2024-09-13 12:35:38,Ricevuto pkt
2024-09-13 12:35:38,Ricevuto pkt
2024-09-13 12:35:38,Ricevuto pkt
2024-09-13 12:35:38,Ricevuto pkt
2024-09-13 12:35:38,Ricevuto pkt
2024-09-13 12:35:39,Ricevuto pkt
2024-09-13 12:35:39,Ricevuto pkt
2024-09-13 12:35:39,Ricevuto pkt
2024-09-13 12:35:39,Ricevuto pkt
2024-09-13 12:35:39,Ricevuto pkt
2024-09-13 12:35:39,Ricevuto pkt
2024-09-13 12:35:39,Ricevuto pkt
2024-09-13 12:35:39,Ricevuto pkt
2024-09-13 12:35:39,Ricevuto pkt
2024-09-13 12:35:39,Ricevuto pkt
2024-09-13 12:35:39,Ricevuto pkt
2024-09-13 12:35:39,Ricevuto pkt
2024-09-13 12:35:39,Ricevuto pkt
2024-09-13 12:35:39,Ricevuto pkt
2024-09-13 12:35:40,Ricevuto pkt
2024-09-13 12:35:40,Ricevuto pkt
2024-09-13 12:35:40,Ricevuto pkt
2024-09-13 12:35:40,Ricevuto pkt
2024-09-13 12:35:41,Ricevuto pkt
2024-09-13 12:35:41,Ricevuto pkt
2024-09-13 12:35:41,Ricevuto pkt
2024-09-13 12:35:41,Ricevuto pkt
2024-09-13 12:35:41,Ricevuto pkt
2024-09-13 12:35:41,Ricevuto pkt
2024-09-13 12:35:41,Ricevuto pkt
2024-09-13 12:35:42,Ricevuto pkt
2024-09-13 12:35:42,Ricevuto pkt
2024-09-13 12:35:43,Ricevuto pkt
2024-09-13 12:35:43,Ricevuto pkt
2024-09-13 12:35:43,Ricevuto pkt
2024-09-13 12:35:43,Ricevuto pkt
2024-09-13 12:35:43,Ricevuto pkt
2024-09-13 12:35:43,Ricevuto pkt
2024-09-13 12:35:43,Ricevuto pkt
2024-09-13 12:35:44,Ricevuto pkt
2024-09-13 12:35:44,Ricevuto pkt
2024-09-13 12:35:44,Ricevuto pkt
2024-09-13 12:35:44,Ricevuto pkt
2024-09-13 12:35:45,Ricevuto pkt
2024-09-13 12:35:45,Ricevuto pkt
2024-09-13 12:35:45,Ricevuto pkt
2024-09-13 12:35:45,Ricevuto pkt
2024-09-13 12:35:45,Ricevuto pkt
2024-09-13 12:35:45,Ricevuto pkt
2024-09-13 12:35:45,Ricevuto pkt
2024-09-13 12:35:45,Ricevuto pkt
2024-09-13 12:35:45,Ricevuto pkt
2024-09-13 12:35:45,Ricevuto pkt
2024-09-13 12:35:45,Ricevuto pkt
2024-09-13 12:35:47,Ricevuto pkt
2024-09-13 12:35:47,Ricevuto pkt
2024-09-13 12:35:47,Ricevuto pkt
2024-09-13 12:35:47,Ricevuto pkt
2024-09-13 12:35:47,Ricevuto pkt
2024-09-13 12:35:48,Ricevuto pkt
2024-09-13 12:35:48,Ricevuto pkt
2024-09-13 12:35:49,Ricevuto pkt
2024-09-13 12:35:49,Ricevuto pkt
2024-09-13 12:35:49,Ricevuto pkt
2024-09-13 12:35:49,Ricevuto pkt
2024-09-13 12:35:50,Ricevuto pkt
2024-09-13 12:35:50,Ricevuto pkt
2024-09-13 12:35:50,Ricevuto pkt
2024-09-13 12:35:50,Ricevuto pkt
2024-09-13 12:35:50,Ricevuto pkt
2024-09-13 12:35:50,Ricevuto pkt
2024-09-13 12:35:50,Ricevuto pkt
2024-09-13 12:35:50,Ricevuto pkt
2024-09-13 12:35:50,Ricevuto pkt
2024-09-13 12:35:51,Ricevuto pkt
2024-09-13 12:35:51,Ricevuto pkt
2024-09-13 12:35:51,Ricevuto pkt
2024-09-13 12:35:51,Ricevuto pkt
2024-09-13 12:35:51,Ricevuto pkt
2024-09-13 12:35:51,Ricevuto pkt
2024-09-13 12:35:51,Ricevuto pkt
2024-09-13 12:35:51,Ricevuto pkt
2024-09-13 12:35:52,Ricevuto pkt
2024-09-13 12:35:52,Ricevuto pkt
2024-09-13 12:35:52,Ricevuto pkt
2024-09-13 12:35:52,Ricevuto pkt
2024-09-13 12:35:52,Ricevuto pkt
2024-09-13 12:35:52,Ricevuto pkt
2024-09-13 12:35:52,Ricevuto pkt
2024-09-13 12:35:52,Ricevuto pkt
2024-09-13 12:35:53,Ricevuto pkt
2024-09-13 12:35:53,Ricevuto pkt
2024-09-13 12:35:53,Ricevuto pkt
2024-09-13 12:35:53,Ricevuto pkt
2024-09-13 12:35:54,Ricevuto pkt
2024-09-13 12:35:54,Ricevuto pkt
2024-09-13 12:35:54,Ricevuto pkt
2024-09-13 12:35:54,Ricevuto pkt
2024-09-13 12:35:54,Ricevuto pkt
2024-09-13 12:35:56,Ricevuto pkt
2024-09-13 12:35:56,Ricevuto pkt
2024-09-13 12:35:56,Ricevuto pkt
2024-09-13 12:35:56,Ricevuto pkt
2024-09-13 12:35:56,Ricevuto pkt
2024-09-13 12:35:56,Ricevuto pkt
2024-09-13 12:35:56,Ricevuto pkt
2024-09-13 12:35:56,Ricevuto pkt
2024-09-13 12:35:56,Ricevuto pkt
2024-09-13 12:35:58,Ricevuto pkt
2024-09-13 12:35:58,Ricevuto pkt
2024-09-13 12:35:58,Ricevuto pkt
2024-09-13 12:35:58,Ricevuto pkt
2024-09-13 12:35:58,Ricevuto pkt
2024-09-13 12:35:58,Ricevuto pkt
2024-09-13 12:35:58,Ricevuto pkt
2024-09-13 12:35:58,Ricevuto pkt
2024-09-13 12:35:58,Ricevuto pkt
2024-09-13 12:36:00,Ricevuto pkt
2024-09-13 12:36:00,Ricevuto pkt
2024-09-13 12:36:00,Ricevuto pkt
2024-09-13 12:36:00,Ricevuto pkt
2024-09-13 12:36:00,Ricevuto pkt
2024-09-13 12:36:00,Ricevuto pkt
2024-09-13 12:36:00,Ricevuto pkt
2024-09-13 12:36:02,Ricevuto pkt
2024-09-13 12:36:02,Ricevuto pkt
2024-09-13 12:36:02,Ricevuto pkt
2024-09-13 12:36:02,Ricevuto pkt
2024-09-13 12:36:02,Ricevuto pkt
2024-09-13 12:36:02,Ricevuto pkt
2024-09-13 12:36:02,Ricevuto pkt
2024-09-13 12:36:02,Ricevuto pkt
2024-09-13 12:36:03,Ricevuto pkt
2024-09-13 12:36:04,Ricevuto pkt
2024-09-13 12:36:04,Ricevuto pkt
2024-09-13 12:36:04,Ricevuto pkt
2024-09-13 12:36:04,Ricevuto pkt
2024-09-13 12:36:04,Ricevuto pkt
2024-09-13 12:36:04,Ricevuto pkt
2024-09-13 12:36:04,Ricevuto pkt
2024-09-13 12:36:04,Ricevuto pkt
2024-09-13 12:36:04,Ricevuto pkt
2024-09-13 12:36:06,Ricevuto pkt
2024-09-13 12:36:06,Ricevuto pkt
2024-09-13 12:36:06,Ricevuto pkt
2024-09-13 12:36:06,Ricevuto pkt
2024-09-13 12:36:06,Ricevuto pkt
2024-09-13 12:36:06,Ricevuto pkt
2024-09-13 12:36:06,Ricevuto pkt
2024-09-13 12:36:08,Ricevuto pkt
2024-09-13 12:36:08,Ricevuto pkt
2024-09-13 12:36:08,Ricevuto pkt
2024-09-13 12:36:08,Ricevuto pkt
2024-09-13 12:36:08,Ricevuto pkt
2024-09-13 12:36:08,Ricevuto pkt
2024-09-13 12:36:08,Ricevuto pkt
2024-09-13 12:36:08,Ricevuto pkt
2024-09-13 12:36:09,Ricevuto pkt
2024-09-13 12:36:10,Ricevuto pkt
2024-09-13 12:36:10,Ricevuto pkt
2024-09-13 12:36:10,Ricevuto pkt
2024-09-13 12:36:10,Ricevuto pkt
2024-09-13 12:36:11,Ricevuto pkt
2024-09-13 12:36:11,Ricevuto pkt
2024-09-13 12:36:11,Ricevuto pkt
2024-09-13 12:36:11,Ricevuto pkt
2024-09-13 12:36:11,Ricevuto pkt
2024-09-13 12:36:11,Ricevuto pkt
2024-09-13 12:36:11,Ricevuto pkt
2024-09-13 12:36:11,Ricevuto pkt
2024-09-13 12:36:11,Ricevuto pkt
2024-09-13 12:36:12,Ricevuto pkt
2024-09-13 12:36:12,Ricevuto pkt
2024-09-13 12:36:12,Ricevuto pkt
2024-09-13 12:36:12,Ricevuto pkt
2024-09-13 12:36:13,Ricevuto pkt
2024-09-13 12:36:13,Ricevuto pkt
2024-09-13 12:36:13,Ricevuto pkt
2024-09-13 12:36:13,Ricevuto pkt
2024-09-13 12:36:13,Ricevuto pkt
2024-09-13 12:36:14,Ricevuto pkt
2024-09-13 12:36:14,Ricevuto pkt
2024-09-13 12:36:14,Ricevuto pkt
2024-09-13 12:36:15,Ricevuto pkt
2024-09-13 12:36:15,Ricevuto pkt
2024-09-13 12:36:15,Ricevuto pkt
2024-09-13 12:36:15,Ricevuto pkt
2024-09-13 12:36:15,Ricevuto pkt
2024-09-13 12:36:15,Ricevuto pkt
2024-09-13 12:36:17,Ricevuto pkt
2024-09-13 12:36:17,Ricevuto pkt
2024-09-13 12:36:17,Ricevuto pkt
2024-09-13 12:36:17,Ricevuto pkt
2024-09-13 12:36:17,Ricevuto pkt
2024-09-13 12:36:17,Ricevuto pkt
2024-09-13 12:36:17,Ricevuto pkt
2024-09-13 12:36:17,Ricevuto pkt
2024-09-13 12:36:17,Ricevuto pkt
2024-09-13 12:36:17,Ricevuto pkt
2024-09-13 12:36:17,Ricevuto pkt
2024-09-13 12:36:17,Ricevuto pkt
2024-09-13 12:36:17,Ricevuto pkt
2024-09-13 12:36:17,Ricevuto pkt
2024-09-13 12:36:17,Ricevuto pkt
2024-09-13 12:36:17,Ricevuto pkt
2024-09-13 12:36:17,Ricevuto pkt
2024-09-13 12:36:17,Ricevuto pkt
2024-09-13 12:36:17,Ricevuto pkt
2024-09-13 12:36:17,Ricevuto pkt
2024-09-13 12:36:17,Ricevuto pkt
2024-09-13 12:36:17,Ricevuto pkt
2024-09-13 12:36:17,Ricevuto pkt
2024-09-13 12:36:17,Ricevuto pkt
2024-09-13 12:36:17,Ricevuto pkt
2024-09-13 12:36:17,Ricevuto pkt
2024-09-13 12:36:17,Ricevuto pkt
2024-09-13 12:36:17,Ricevuto pkt
2024-09-13 12:36:17,Ricevuto pkt
2024-09-13 12:36:17,Ricevuto pkt
2024-09-13 12:36:17,Ricevuto pkt
2024-09-13 12:36:17,Ricevuto pkt
2024-09-13 12:36:17,Ricevuto pkt
2024-09-13 12:36:17,Ricevuto pkt
2024-09-13 12:36:17,Ricevuto pkt
2024-09-13 12:36:19,Ricevuto pkt
2024-09-13 12:36:19,Ricevuto pkt
2024-09-13 12:36:19,Ricevuto pkt
2024-09-13 12:36:19,Ricevuto pkt
2024-09-13 12:36:19,Ricevuto pkt
2024-09-13 12:36:19,Ricevuto pkt
2024-09-13 12:36:19,Ricevuto pkt
2024-09-13 12:36:19,Ricevuto pkt
2024-09-13 12:36:19,Ricevuto pkt
2024-09-13 12:36:21,Ricevuto pkt
2024-09-13 12:36:21,Ricevuto pkt
2024-09-13 12:36:21,Ricevuto pkt
2024-09-13 12:36:21,Ricevuto pkt
2024-09-13 12:36:21,Ricevuto pkt
2024-09-13 12:36:21,Ricevuto pkt
2024-09-13 12:36:21,Ricevuto pkt
2024-09-13 12:36:21,Ricevuto pkt
2024-09-13 12:36:21,Ricevuto pkt
2024-09-13 12:36:23,Ricevuto pkt
2024-09-13 12:36:23,Ricevuto pkt
2024-09-13 12:36:23,Ricevuto pkt
2024-09-13 12:36:23,Ricevuto pkt
2024-09-13 12:36:23,Ricevuto pkt
2024-09-13 12:36:23,Ricevuto pkt
2024-09-13 12:36:23,Ricevuto pkt
2024-09-13 12:36:23,Ricevuto pkt
2024-09-13 12:36:23,Ricevuto pkt
2024-09-13 12:36:25,Ricevuto pkt
2024-09-13 12:36:25,Ricevuto pkt
2024-09-13 12:36:25,Ricevuto pkt
2024-09-13 12:36:25,Ricevuto pkt
2024-09-13 12:36:25,Ricevuto pkt
2024-09-13 12:36:25,Ricevuto pkt
2024-09-13 12:36:25,Ricevuto pkt
2024-09-13 12:36:27,Ricevuto pkt
2024-09-13 12:36:27,Ricevuto pkt
2024-09-13 12:36:27,Ricevuto pkt
2024-09-13 12:36:27,Ricevuto pkt
2024-09-13 12:36:27,Ricevuto pkt
2024-09-13 12:36:27,Ricevuto pkt
2024-09-13 12:36:27,Ricevuto pkt
2024-09-13 12:36:27,Ricevuto pkt
2024-09-13 12:36:28,Ricevuto pkt
2024-09-13 12:36:29,Ricevuto pkt
2024-09-13 12:36:29,Ricevuto pkt
2024-09-13 12:36:29,Ricevuto pkt
2024-09-13 12:36:29,Ricevuto pkt
2024-09-13 12:36:29,Ricevuto pkt
2024-09-13 12:36:29,Ricevuto pkt
2024-09-13 12:36:29,Ricevuto pkt
2024-09-13 12:36:29,Ricevuto pkt
2024-09-13 12:36:29,Ricevuto pkt
2024-09-13 12:36:30,Ricevuto pkt
2024-09-13 12:36:30,Ricevuto pkt
2024-09-13 12:36:30,Ricevuto pkt
2024-09-13 12:36:30,Ricevuto pkt
2024-09-13 12:36:31,Ricevuto pkt
2024-09-13 12:36:31,Ricevuto pkt
2024-09-13 12:36:31,Ricevuto pkt
2024-09-13 12:36:31,Ricevuto pkt
2024-09-13 12:36:32,Ricevuto pkt
2024-09-13 12:36:32,Ricevuto pkt
2024-09-13 12:36:32,Ricevuto pkt
2024-09-13 12:36:32,Ricevuto pkt
2024-09-13 12:36:32,Ricevuto pkt
2024-09-13 12:36:33,Ricevuto pkt
2024-09-13 12:36:33,Ricevuto pkt
2024-09-13 12:36:33,Ricevuto pkt
2024-09-13 12:36:34,Ricevuto pkt
2024-09-13 12:36:34,Ricevuto pkt
2024-09-13 12:36:34,Ricevuto pkt
2024-09-13 12:36:34,Ricevuto pkt
2024-09-13 12:36:34,Ricevuto pkt
2024-09-13 12:36:34,Ricevuto pkt
2024-09-13 12:36:35,Ricevuto pkt
2024-09-13 12:36:35,Ricevuto pkt
2024-09-13 12:36:35,Ricevuto pkt
2024-09-13 12:36:35,Ricevuto pkt
2024-09-13 12:36:35,Ricevuto pkt
2024-09-13 12:36:35,Ricevuto pkt
2024-09-13 12:36:35,Ricevuto pkt
2024-09-13 12:36:36,Ricevuto pkt
2024-09-13 12:36:36,Ricevuto pkt
2024-09-13 12:36:36,Ricevuto pkt
2024-09-13 12:36:36,Ricevuto pkt
2024-09-13 12:36:36,Ricevuto pkt
2024-09-13 12:36:36,Ricevuto pkt
2024-09-13 12:36:37,Ricevuto pkt
2024-09-13 12:36:37,Ricevuto pkt
2024-09-13 12:36:37,Ricevuto pkt
2024-09-13 12:36:38,Ricevuto pkt
2024-09-13 12:36:38,Ricevuto pkt
2024-09-13 12:36:38,Ricevuto pkt
2024-09-13 12:36:38,Ricevuto pkt
2024-09-13 12:36:38,Ricevuto pkt
2024-09-13 12:36:38,Ricevuto pkt
2024-09-13 12:36:38,Ricevuto pkt
2024-09-13 12:36:38,Ricevuto pkt
2024-09-13 12:36:38,Ricevuto pkt
2024-09-13 12:36:40,Ricevuto pkt
2024-09-13 12:36:40,Ricevuto pkt
2024-09-13 12:36:40,Ricevuto pkt
2024-09-13 12:36:40,Ricevuto pkt
2024-09-13 12:36:40,Ricevuto pkt
2024-09-13 12:36:40,Ricevuto pkt
2024-09-13 12:36:40,Ricevuto pkt
2024-09-13 12:36:40,Ricevuto pkt
2024-09-13 12:36:40,Ricevuto pkt
2024-09-13 12:36:40,Ricevuto pkt
2024-09-13 12:36:40,Ricevuto pkt
2024-09-13 12:36:42,Ricevuto pkt
2024-09-13 12:36:42,Ricevuto pkt
2024-09-13 12:36:42,Ricevuto pkt
2024-09-13 12:36:42,Ricevuto pkt
2024-09-13 12:36:42,Ricevuto pkt
2024-09-13 12:36:42,Ricevuto pkt
2024-09-13 12:36:42,Ricevuto pkt
2024-09-13 12:36:42,Ricevuto pkt
2024-09-13 12:36:42,Ricevuto pkt
2024-09-13 12:36:42,Ricevuto pkt
2024-09-13 12:36:42,Ricevuto pkt
2024-09-13 12:36:44,Ricevuto pkt
2024-09-13 12:36:44,Ricevuto pkt
2024-09-13 12:36:44,Ricevuto pkt
2024-09-13 12:36:44,Ricevuto pkt
2024-09-13 12:36:44,Ricevuto pkt
2024-09-13 12:36:44,Ricevuto pkt
2024-09-13 12:36:44,Ricevuto pkt
2024-09-13 12:36:46,Ricevuto pkt
2024-09-13 12:36:46,Ricevuto pkt
2024-09-13 12:36:46,Ricevuto pkt
2024-09-13 12:36:46,Ricevuto pkt
2024-09-13 12:36:46,Ricevuto pkt
2024-09-13 12:36:46,Ricevuto pkt
2024-09-13 12:36:46,Ricevuto pkt
2024-09-13 12:36:46,Ricevuto pkt
2024-09-13 12:36:47,Ricevuto pkt
2024-09-13 12:36:48,Ricevuto pkt
2024-09-13 12:36:48,Ricevuto pkt
2024-09-13 12:36:48,Ricevuto pkt
2024-09-13 12:36:48,Ricevuto pkt
2024-09-13 12:36:48,Ricevuto pkt
2024-09-13 12:36:48,Ricevuto pkt
2024-09-13 12:36:48,Ricevuto pkt
2024-09-13 12:36:48,Ricevuto pkt
2024-09-13 12:36:48,Ricevuto pkt
2024-09-13 12:36:50,Ricevuto pkt
2024-09-13 12:36:50,Ricevuto pkt
2024-09-13 12:36:50,Ricevuto pkt
2024-09-13 12:36:50,Ricevuto pkt
2024-09-13 12:36:50,Ricevuto pkt
2024-09-13 12:36:50,Ricevuto pkt
2024-09-13 12:36:50,Ricevuto pkt
2024-09-13 12:36:52,Ricevuto pkt
2024-09-13 12:36:52,Ricevuto pkt
2024-09-13 12:36:52,Ricevuto pkt
2024-09-13 12:36:53,Ricevuto pkt
2024-09-13 12:36:53,Ricevuto pkt
2024-09-13 12:36:53,Ricevuto pkt
2024-09-13 12:36:53,Ricevuto pkt
2024-09-13 12:36:53,Ricevuto pkt
2024-09-13 12:36:53,Ricevuto pkt
2024-09-13 12:36:53,Ricevuto pkt
2024-09-13 12:36:53,Ricevuto pkt
2024-09-13 12:36:54,Ricevuto pkt
2024-09-13 12:36:54,Ricevuto pkt
2024-09-13 12:36:54,Ricevuto pkt
2024-09-13 12:36:54,Ricevuto pkt
2024-09-13 12:36:55,Ricevuto pkt
2024-09-13 12:36:55,Ricevuto pkt
2024-09-13 12:36:55,Ricevuto pkt
2024-09-13 12:36:55,Ricevuto pkt
2024-09-13 12:36:55,Ricevuto pkt
2024-09-13 12:36:56,Ricevuto pkt
2024-09-13 12:36:56,Ricevuto pkt
2024-09-13 12:36:56,Ricevuto pkt
2024-09-13 12:36:57,Ricevuto pkt
2024-09-13 12:36:57,Ricevuto pkt
2024-09-13 12:36:57,Ricevuto pkt
2024-09-13 12:36:57,Ricevuto pkt
2024-09-13 12:36:59,Ricevuto pkt
2024-09-13 12:36:59,Ricevuto pkt
2024-09-13 12:36:59,Ricevuto pkt
2024-09-13 12:36:59,Ricevuto pkt
2024-09-13 12:36:59,Ricevuto pkt
2024-09-13 12:36:59,Ricevuto pkt
2024-09-13 12:36:59,Ricevuto pkt
2024-09-13 12:36:59,Ricevuto pkt
2024-09-13 12:36:59,Ricevuto pkt
2024-09-13 12:37:01,Ricevuto pkt
2024-09-13 12:37:01,Ricevuto pkt
2024-09-13 12:37:01,Ricevuto pkt
2024-09-13 12:37:01,Ricevuto pkt
2024-09-13 12:37:01,Ricevuto pkt
2024-09-13 12:37:01,Ricevuto pkt
2024-09-13 12:37:01,Ricevuto pkt
2024-09-13 12:37:01,Ricevuto pkt
2024-09-13 12:37:01,Ricevuto pkt
2024-09-13 12:37:03,Ricevuto pkt
2024-09-13 12:37:03,Ricevuto pkt
2024-09-13 12:37:03,Ricevuto pkt
2024-09-13 12:37:03,Ricevuto pkt
2024-09-13 12:37:03,Ricevuto pkt
2024-09-13 12:37:03,Ricevuto pkt
2024-09-13 12:37:03,Ricevuto pkt
2024-09-13 12:37:05,Ricevuto pkt
2024-09-13 12:37:05,Ricevuto pkt
2024-09-13 12:37:05,Ricevuto pkt
2024-09-13 12:37:05,Ricevuto pkt
2024-09-13 12:37:05,Ricevuto pkt
2024-09-13 12:37:05,Ricevuto pkt
2024-09-13 12:37:05,Ricevuto pkt
2024-09-13 12:37:05,Ricevuto pkt
2024-09-13 12:37:05,Ricevuto pkt
2024-09-13 12:37:05,Ricevuto pkt
2024-09-13 12:37:06,Ricevuto pkt
2024-09-13 12:37:07,Ricevuto pkt
2024-09-13 12:37:07,Ricevuto pkt
2024-09-13 12:37:07,Ricevuto pkt
2024-09-13 12:37:07,Ricevuto pkt
2024-09-13 12:37:07,Ricevuto pkt
2024-09-13 12:37:07,Ricevuto pkt
2024-09-13 12:37:07,Ricevuto pkt
2024-09-13 12:37:07,Ricevuto pkt
2024-09-13 12:37:07,Ricevuto pkt
2024-09-13 12:37:07,Ricevuto pkt
2024-09-13 12:37:07,Ricevuto pkt
2024-09-13 12:37:07,Ricevuto pkt
2024-09-13 12:37:09,Ricevuto pkt
2024-09-13 12:37:09,Ricevuto pkt
2024-09-13 12:37:09,Ricevuto pkt
2024-09-13 12:37:09,Ricevuto pkt
2024-09-13 12:37:09,Ricevuto pkt
2024-09-13 12:37:09,Ricevuto pkt
2024-09-13 12:37:09,Ricevuto pkt
2024-09-13 12:37:11,Ricevuto pkt
2024-09-13 12:37:11,Ricevuto pkt
2024-09-13 12:37:11,Ricevuto pkt
2024-09-13 12:37:11,Ricevuto pkt
2024-09-13 12:37:11,Ricevuto pkt
2024-09-13 12:37:11,Ricevuto pkt
2024-09-13 12:37:11,Ricevuto pkt
2024-09-13 12:37:11,Ricevuto pkt
2024-09-13 12:37:12,Ricevuto pkt
2024-09-13 12:37:13,Ricevuto pkt
2024-09-13 12:37:13,Ricevuto pkt
2024-09-13 12:37:13,Ricevuto pkt
2024-09-13 12:37:13,Ricevuto pkt
2024-09-13 12:37:14,Ricevuto pkt
2024-09-13 12:37:14,Ricevuto pkt
2024-09-13 12:37:14,Ricevuto pkt
2024-09-13 12:37:14,Ricevuto pkt
2024-09-13 12:37:14,Ricevuto pkt
2024-09-13 12:37:14,Ricevuto pkt
2024-09-13 12:37:14,Ricevuto pkt
2024-09-13 12:37:14,Ricevuto pkt
2024-09-13 12:37:14,Ricevuto pkt
2024-09-13 12:37:14,Ricevuto pkt
2024-09-13 12:37:14,Ricevuto pkt
2024-09-13 12:37:14,Ricevuto pkt
2024-09-13 12:37:14,Ricevuto pkt
2024-09-13 12:37:14,Ricevuto pkt
2024-09-13 12:37:14,Ricevuto pkt
2024-09-13 12:37:14,Ricevuto pkt
2024-09-13 12:37:15,Ricevuto pkt
2024-09-13 12:37:15,Ricevuto pkt
2024-09-13 12:37:15,Ricevuto pkt
2024-09-13 12:37:15,Ricevuto pkt
2024-09-13 12:37:15,Ricevuto pkt
2024-09-13 12:37:15,Ricevuto pkt
2024-09-13 12:37:15,Ricevuto pkt
2024-09-13 12:37:15,Ricevuto pkt
2024-09-13 12:37:15,Ricevuto pkt
2024-09-13 12:37:15,Ricevuto pkt
2024-09-13 12:37:15,Ricevuto pkt
2024-09-13 12:37:15,Ricevuto pkt
2024-09-13 12:37:15,Ricevuto pkt
2024-09-13 12:37:15,Ricevuto pkt
2024-09-13 12:37:16,Ricevuto pkt
2024-09-13 12:37:16,Ricevuto pkt
2024-09-13 12:37:16,Ricevuto pkt
2024-09-13 12:37:16,Ricevuto pkt
2024-09-13 12:37:16,Ricevuto pkt
2024-09-13 12:37:16,Ricevuto pkt
2024-09-13 12:37:16,Ricevuto pkt
2024-09-13 12:37:16,Ricevuto pkt
2024-09-13 12:37:16,Ricevuto pkt
2024-09-13 12:37:16,Ricevuto pkt
2024-09-13 12:37:17,Ricevuto pkt
2024-09-13 12:37:17,Ricevuto pkt
2024-09-13 12:37:17,Ricevuto pkt
2024-09-13 12:37:17,Ricevuto pkt
2024-09-13 12:37:18,Ricevuto pkt
2024-09-13 12:37:18,Ricevuto pkt
2024-09-13 12:37:18,Ricevuto pkt
2024-09-13 12:37:18,Ricevuto pkt
2024-09-13 12:37:18,Ricevuto pkt
2024-09-13 12:37:18,Ricevuto pkt
2024-09-13 12:37:18,Ricevuto pkt
2024-09-13 12:37:20,Ricevuto pkt
2024-09-13 12:37:20,Ricevuto pkt
2024-09-13 12:37:20,Ricevuto pkt
2024-09-13 12:37:20,Ricevuto pkt
2024-09-13 12:37:20,Ricevuto pkt
2024-09-13 12:37:20,Ricevuto pkt
2024-09-13 12:37:20,Ricevuto pkt
2024-09-13 12:37:20,Ricevuto pkt
2024-09-13 12:37:20,Ricevuto pkt
2024-09-13 12:37:22,Ricevuto pkt
2024-09-13 12:37:22,Ricevuto pkt
2024-09-13 12:37:22,Ricevuto pkt
2024-09-13 12:37:22,Ricevuto pkt
2024-09-13 12:37:22,Ricevuto pkt
2024-09-13 12:37:22,Ricevuto pkt
2024-09-13 12:37:22,Ricevuto pkt
2024-09-13 12:37:24,Ricevuto pkt
2024-09-13 12:37:24,Ricevuto pkt
2024-09-13 12:37:24,Ricevuto pkt
2024-09-13 12:37:24,Ricevuto pkt
2024-09-13 12:37:24,Ricevuto pkt
2024-09-13 12:37:24,Ricevuto pkt
2024-09-13 12:37:24,Ricevuto pkt
2024-09-13 12:37:24,Ricevuto pkt
2024-09-13 12:37:24,Ricevuto pkt
2024-09-13 12:37:26,Ricevuto pkt
2024-09-13 12:37:26,Ricevuto pkt
2024-09-13 12:37:26,Ricevuto pkt
2024-09-13 12:37:26,Ricevuto pkt
2024-09-13 12:37:26,Ricevuto pkt
2024-09-13 12:37:26,Ricevuto pkt
2024-09-13 12:37:26,Ricevuto pkt
2024-09-13 12:37:26,Ricevuto pkt
2024-09-13 12:37:26,Ricevuto pkt
2024-09-13 12:37:26,Ricevuto pkt
2024-09-13 12:37:28,Ricevuto pkt
2024-09-13 12:37:28,Ricevuto pkt
2024-09-13 12:37:28,Ricevuto pkt
2024-09-13 12:37:28,Ricevuto pkt
2024-09-13 12:37:28,Ricevuto pkt
2024-09-13 12:37:28,Ricevuto pkt
2024-09-13 12:37:28,Ricevuto pkt
2024-09-13 12:37:29,Ricevuto pkt
2024-09-13 12:37:29,Ricevuto pkt
2024-09-13 12:37:29,Ricevuto pkt
2024-09-13 12:37:29,Ricevuto pkt
2024-09-13 12:37:29,Ricevuto pkt
2024-09-13 12:37:29,Ricevuto pkt
2024-09-13 12:37:29,Ricevuto pkt
2024-09-13 12:37:30,Ricevuto pkt
2024-09-13 12:37:30,Ricevuto pkt
2024-09-13 12:37:30,Ricevuto pkt
2024-09-13 12:37:30,Ricevuto pkt
2024-09-13 12:37:30,Ricevuto pkt
2024-09-13 12:37:30,Ricevuto pkt
2024-09-13 12:37:30,Ricevuto pkt
2024-09-13 12:37:30,Ricevuto pkt
2024-09-13 12:37:30,Ricevuto pkt
2024-09-13 12:37:30,Ricevuto pkt
2024-09-13 12:37:30,Ricevuto pkt
2024-09-13 12:37:30,Ricevuto pkt
2024-09-13 12:37:31,Ricevuto pkt
2024-09-13 12:37:31,Ricevuto pkt
2024-09-13 12:37:31,Ricevuto pkt
2024-09-13 12:37:31,Ricevuto pkt
2024-09-13 12:37:31,Ricevuto pkt
2024-09-13 12:37:31,Ricevuto pkt
2024-09-13 12:37:32,Ricevuto pkt
2024-09-13 12:37:32,Ricevuto pkt
2024-09-13 12:37:32,Ricevuto pkt
2024-09-13 12:37:32,Ricevuto pkt
2024-09-13 12:37:32,Ricevuto pkt
2024-09-13 12:37:32,Ricevuto pkt
2024-09-13 12:37:32,Ricevuto pkt
2024-09-13 12:37:32,Ricevuto pkt
2024-09-13 12:37:32,Ricevuto pkt
2024-09-13 12:37:32,Ricevuto pkt
2024-09-13 12:37:32,Ricevuto pkt
2024-09-13 12:37:32,Ricevuto pkt
2024-09-13 12:37:33,Ricevuto pkt
2024-09-13 12:37:33,Ricevuto pkt
2024-09-13 12:37:34,Ricevuto pkt
2024-09-13 12:37:34,Ricevuto pkt
2024-09-13 12:37:34,Ricevuto pkt
2024-09-13 12:37:34,Ricevuto pkt
2024-09-13 12:37:34,Ricevuto pkt
2024-09-13 12:37:34,Ricevuto pkt
2024-09-13 12:37:34,Ricevuto pkt
2024-09-13 12:37:34,Ricevuto pkt
2024-09-13 12:37:34,Ricevuto pkt
2024-09-13 12:37:35,Ricevuto pkt
2024-09-13 12:37:35,Ricevuto pkt
2024-09-13 12:37:35,Ricevuto pkt
2024-09-13 12:37:36,Ricevuto pkt
2024-09-13 12:37:36,Ricevuto pkt
2024-09-13 12:37:36,Ricevuto pkt
2024-09-13 12:37:36,Ricevuto pkt
2024-09-13 12:37:37,Ricevuto pkt
2024-09-13 12:37:37,Ricevuto pkt
2024-09-13 12:37:37,Ricevuto pkt
2024-09-13 12:37:37,Ricevuto pkt
2024-09-13 12:37:37,Ricevuto pkt
2024-09-13 12:37:37,Ricevuto pkt
2024-09-13 12:37:37,Ricevuto pkt
2024-09-13 12:37:38,Ricevuto pkt
2024-09-13 12:37:38,Ricevuto pkt
2024-09-13 12:37:38,Ricevuto pkt
2024-09-13 12:37:38,Ricevuto pkt
2024-09-13 12:37:39,Ricevuto pkt
2024-09-13 12:37:39,Ricevuto pkt
2024-09-13 12:37:39,Ricevuto pkt
2024-09-13 12:37:39,Ricevuto pkt
2024-09-13 12:37:41,Ricevuto pkt
2024-09-13 12:37:41,Ricevuto pkt
2024-09-13 12:37:41,Ricevuto pkt
2024-09-13 12:37:41,Ricevuto pkt
2024-09-13 12:37:41,Ricevuto pkt
2024-09-13 12:37:41,Ricevuto pkt
2024-09-13 12:37:41,Ricevuto pkt
2024-09-13 12:37:43,Ricevuto pkt
2024-09-13 12:37:43,Ricevuto pkt
2024-09-13 12:37:43,Ricevuto pkt
2024-09-13 12:37:43,Ricevuto pkt
2024-09-13 12:37:43,Ricevuto pkt
2024-09-13 12:37:43,Ricevuto pkt
2024-09-13 12:37:43,Ricevuto pkt
2024-09-13 12:37:43,Ricevuto pkt
2024-09-13 12:37:43,Ricevuto pkt
2024-09-13 12:37:43,Ricevuto pkt
2024-09-13 12:37:44,Ricevuto pkt
2024-09-13 12:37:45,Ricevuto pkt
2024-09-13 12:37:45,Ricevuto pkt
2024-09-13 12:37:45,Ricevuto pkt
2024-09-13 12:37:45,Ricevuto pkt
2024-09-13 12:37:45,Ricevuto pkt
2024-09-13 12:37:45,Ricevuto pkt
2024-09-13 12:37:45,Ricevuto pkt
2024-09-13 12:37:45,Ricevuto pkt
2024-09-13 12:37:45,Ricevuto pkt
2024-09-13 12:37:45,Ricevuto pkt
2024-09-13 12:37:45,Ricevuto pkt
2024-09-13 12:37:47,Ricevuto pkt
2024-09-13 12:37:47,Ricevuto pkt
2024-09-13 12:37:47,Ricevuto pkt
2024-09-13 12:37:47,Ricevuto pkt
2024-09-13 12:37:47,Ricevuto pkt
2024-09-13 12:37:47,Ricevuto pkt
2024-09-13 12:37:47,Ricevuto pkt
2024-09-13 12:37:47,Ricevuto pkt
2024-09-13 12:37:47,Ricevuto pkt
2024-09-13 12:37:49,Ricevuto pkt
2024-09-13 12:37:49,Ricevuto pkt
2024-09-13 12:37:49,Ricevuto pkt
2024-09-13 12:37:49,Ricevuto pkt
2024-09-13 12:37:49,Ricevuto pkt
2024-09-13 12:37:49,Ricevuto pkt
2024-09-13 12:37:49,Ricevuto pkt
2024-09-13 12:37:49,Ricevuto pkt
2024-09-13 12:37:49,Ricevuto pkt
2024-09-13 12:37:49,Ricevuto pkt
2024-09-13 12:37:49,Ricevuto pkt
2024-09-13 12:37:51,Ricevuto pkt
2024-09-13 12:37:51,Ricevuto pkt
2024-09-13 12:37:51,Ricevuto pkt
2024-09-13 12:37:51,Ricevuto pkt
2024-09-13 12:37:51,Ricevuto pkt
2024-09-13 12:37:51,Ricevuto pkt
2024-09-13 12:37:51,Ricevuto pkt
2024-09-13 12:37:51,Ricevuto pkt
2024-09-13 12:37:51,Ricevuto pkt
2024-09-13 12:37:51,Ricevuto pkt
2024-09-13 12:37:51,Ricevuto pkt
2024-09-13 12:37:51,Ricevuto pkt
2024-09-13 12:37:51,Ricevuto pkt
2024-09-13 12:37:51,Ricevuto pkt
2024-09-13 12:37:51,Ricevuto pkt
2024-09-13 12:37:51,Ricevuto pkt
2024-09-13 12:37:51,Ricevuto pkt
2024-09-13 12:37:51,Ricevuto pkt
2024-09-13 12:37:51,Ricevuto pkt
2024-09-13 12:37:51,Ricevuto pkt
2024-09-13 12:37:51,Ricevuto pkt
2024-09-13 12:37:51,Ricevuto pkt
2024-09-13 12:37:51,Ricevuto pkt
2024-09-13 12:37:51,Ricevuto pkt
2024-09-13 12:37:51,Ricevuto pkt
2024-09-13 12:37:51,Ricevuto pkt
2024-09-13 12:37:51,Ricevuto pkt
2024-09-13 12:37:51,Ricevuto pkt
2024-09-13 12:37:51,Ricevuto pkt
2024-09-13 12:37:51,Ricevuto pkt
2024-09-13 12:37:51,Ricevuto pkt
2024-09-13 12:37:51,Ricevuto pkt
2024-09-13 12:37:51,Ricevuto pkt
2024-09-13 12:37:51,Ricevuto pkt
2024-09-13 12:37:51,Ricevuto pkt
2024-09-13 12:37:51,Ricevuto pkt
2024-09-13 12:37:51,Ricevuto pkt
2024-09-13 12:37:51,Ricevuto pkt
2024-09-13 12:37:53,Ricevuto pkt
2024-09-13 12:37:53,Ricevuto pkt
2024-09-13 12:37:53,Ricevuto pkt
2024-09-13 12:37:53,Ricevuto pkt
2024-09-13 12:37:53,Ricevuto pkt
2024-09-13 12:37:54,Ricevuto pkt
2024-09-13 12:37:54,Ricevuto pkt
2024-09-13 12:37:55,Ricevuto pkt
2024-09-13 12:37:55,Ricevuto pkt
2024-09-13 12:37:55,Ricevuto pkt
2024-09-13 12:37:56,Ricevuto pkt
2024-09-13 12:37:56,Ricevuto pkt
2024-09-13 12:37:56,Ricevuto pkt
2024-09-13 12:37:56,Ricevuto pkt
2024-09-13 12:37:56,Ricevuto pkt
2024-09-13 12:37:56,Ricevuto pkt
2024-09-13 12:37:57,Ricevuto pkt
2024-09-13 12:37:57,Ricevuto pkt
2024-09-13 12:37:57,Ricevuto pkt
2024-09-13 12:37:57,Ricevuto pkt
2024-09-13 12:37:58,Ricevuto pkt
2024-09-13 12:37:58,Ricevuto pkt
2024-09-13 12:37:58,Ricevuto pkt
2024-09-13 12:37:58,Ricevuto pkt
2024-09-13 12:37:58,Ricevuto pkt
2024-09-13 12:38:00,Ricevuto pkt
2024-09-13 12:38:00,Ricevuto pkt
2024-09-13 12:38:00,Ricevuto pkt
2024-09-13 12:38:00,Ricevuto pkt
2024-09-13 12:38:00,Ricevuto pkt
2024-09-13 12:38:00,Ricevuto pkt
2024-09-13 12:38:00,Ricevuto pkt
2024-09-13 12:38:01,Ricevuto pkt
2024-09-13 12:38:01,Ricevuto pkt
2024-09-13 12:38:02,Ricevuto pkt
2024-09-13 12:38:02,Ricevuto pkt
2024-09-13 12:38:02,Ricevuto pkt
2024-09-13 12:38:02,Ricevuto pkt
2024-09-13 12:38:02,Ricevuto pkt
2024-09-13 12:38:02,Ricevuto pkt
2024-09-13 12:38:02,Ricevuto pkt
2024-09-13 12:38:02,Ricevuto pkt
2024-09-13 12:38:02,Ricevuto pkt
2024-09-13 12:38:02,Ricevuto pkt
2024-09-13 12:38:02,Ricevuto pkt
2024-09-13 12:38:02,Ricevuto pkt
2024-09-13 12:38:02,Ricevuto pkt
2024-09-13 12:38:02,Ricevuto pkt
2024-09-13 12:38:04,Ricevuto pkt
2024-09-13 12:38:04,Ricevuto pkt
2024-09-13 12:38:04,Ricevuto pkt
2024-09-13 12:38:04,Ricevuto pkt
2024-09-13 12:38:04,Ricevuto pkt
2024-09-13 12:38:04,Ricevuto pkt
2024-09-13 12:38:04,Ricevuto pkt
2024-09-13 12:38:04,Ricevuto pkt
2024-09-13 12:38:04,Ricevuto pkt
2024-09-13 12:38:04,Ricevuto pkt
2024-09-13 12:38:04,Ricevuto pkt
2024-09-13 12:38:06,Ricevuto pkt
2024-09-13 12:38:06,Ricevuto pkt
2024-09-13 12:38:06,Ricevuto pkt
2024-09-13 12:38:06,Ricevuto pkt
2024-09-13 12:38:06,Ricevuto pkt
2024-09-13 12:38:06,Ricevuto pkt
2024-09-13 12:38:06,Ricevuto pkt
2024-09-13 12:38:08,Ricevuto pkt
2024-09-13 12:38:08,Ricevuto pkt
2024-09-13 12:38:08,Ricevuto pkt
2024-09-13 12:38:08,Ricevuto pkt
2024-09-13 12:38:08,Ricevuto pkt
2024-09-13 12:38:08,Ricevuto pkt
2024-09-13 12:38:08,Ricevuto pkt
2024-09-13 12:38:08,Ricevuto pkt
2024-09-13 12:38:09,Ricevuto pkt
2024-09-13 12:38:10,Ricevuto pkt
2024-09-13 12:38:10,Ricevuto pkt
2024-09-13 12:38:10,Ricevuto pkt
2024-09-13 12:38:10,Ricevuto pkt
2024-09-13 12:38:10,Ricevuto pkt
2024-09-13 12:38:10,Ricevuto pkt
2024-09-13 12:38:10,Ricevuto pkt
2024-09-13 12:38:10,Ricevuto pkt
2024-09-13 12:38:10,Ricevuto pkt
2024-09-13 12:38:11,Ricevuto pkt
2024-09-13 12:38:11,Ricevuto pkt
2024-09-13 12:38:11,Ricevuto pkt
2024-09-13 12:38:11,Ricevuto pkt
2024-09-13 12:38:12,Ricevuto pkt
2024-09-13 12:38:12,Ricevuto pkt
2024-09-13 12:38:12,Ricevuto pkt
2024-09-13 12:38:12,Ricevuto pkt
2024-09-13 12:38:12,Ricevuto pkt
2024-09-13 12:38:12,Ricevuto pkt
2024-09-13 12:38:12,Ricevuto pkt
2024-09-13 12:38:12,Ricevuto pkt
2024-09-13 12:38:12,Ricevuto pkt
2024-09-13 12:38:14,Ricevuto pkt
2024-09-13 12:38:14,Ricevuto pkt
2024-09-13 12:38:14,Ricevuto pkt
2024-09-13 12:38:14,Ricevuto pkt
2024-09-13 12:38:14,Ricevuto pkt
2024-09-13 12:38:14,Ricevuto pkt
2024-09-13 12:38:14,Ricevuto pkt
2024-09-13 12:38:14,Ricevuto pkt
2024-09-13 12:38:14,Ricevuto pkt
2024-09-13 12:38:14,Ricevuto pkt
2024-09-13 12:38:15,Ricevuto pkt
2024-09-13 12:38:15,Ricevuto pkt
2024-09-13 12:38:15,Ricevuto pkt
2024-09-13 12:38:15,Ricevuto pkt
2024-09-13 12:38:15,Ricevuto pkt
2024-09-13 12:38:15,Ricevuto pkt
2024-09-13 12:38:15,Ricevuto pkt
2024-09-13 12:38:15,Ricevuto pkt
2024-09-13 12:38:16,Ricevuto pkt
2024-09-13 12:38:16,Ricevuto pkt
2024-09-13 12:38:16,Ricevuto pkt
2024-09-13 12:38:16,Ricevuto pkt
2024-09-13 12:38:16,Ricevuto pkt
2024-09-13 12:38:16,Ricevuto pkt
2024-09-13 12:38:16,Ricevuto pkt
2024-09-13 12:38:16,Ricevuto pkt
2024-09-13 12:38:16,Ricevuto pkt
2024-09-13 12:38:16,Ricevuto pkt
2024-09-13 12:38:16,Ricevuto pkt
2024-09-13 12:38:16,Ricevuto pkt
2024-09-13 12:38:16,Ricevuto pkt
2024-09-13 12:38:16,Ricevuto pkt
2024-09-13 12:38:16,Ricevuto pkt
2024-09-13 12:38:16,Ricevuto pkt
2024-09-13 12:38:16,Ricevuto pkt
2024-09-13 12:38:16,Ricevuto pkt
2024-09-13 12:38:16,Ricevuto pkt
2024-09-13 12:38:17,Ricevuto pkt
2024-09-13 12:38:17,Ricevuto pkt
2024-09-13 12:38:17,Ricevuto pkt
2024-09-13 12:38:17,Ricevuto pkt
2024-09-13 12:38:17,Ricevuto pkt
2024-09-13 12:38:17,Ricevuto pkt
2024-09-13 12:38:17,Ricevuto pkt
2024-09-13 12:38:17,Ricevuto pkt
2024-09-13 12:38:17,Ricevuto pkt
2024-09-13 12:38:17,Ricevuto pkt
2024-09-13 12:38:17,Ricevuto pkt
2024-09-13 12:38:17,Ricevuto pkt
2024-09-13 12:38:17,Ricevuto pkt
2024-09-13 12:38:17,Ricevuto pkt
2024-09-13 12:38:17,Ricevuto pkt
2024-09-13 12:38:17,Ricevuto pkt
2024-09-13 12:38:17,Ricevuto pkt
2024-09-13 12:38:17,Ricevuto pkt
2024-09-13 12:38:18,Ricevuto pkt
2024-09-13 12:38:18,Ricevuto pkt
2024-09-13 12:38:18,Ricevuto pkt
2024-09-13 12:38:18,Ricevuto pkt
2024-09-13 12:38:18,Ricevuto pkt
2024-09-13 12:38:18,Ricevuto pkt
2024-09-13 12:38:19,Ricevuto pkt
2024-09-13 12:38:19,Ricevuto pkt
2024-09-13 12:38:19,Ricevuto pkt
2024-09-13 12:38:19,Ricevuto pkt
2024-09-13 12:38:19,Ricevuto pkt
2024-09-13 12:38:19,Ricevuto pkt
2024-09-13 12:38:19,Ricevuto pkt
2024-09-13 12:38:20,Ricevuto pkt
2024-09-13 12:38:20,Ricevuto pkt
2024-09-13 12:38:21,Ricevuto pkt
2024-09-13 12:38:21,Ricevuto pkt
2024-09-13 12:38:21,Ricevuto pkt
2024-09-13 12:38:21,Ricevuto pkt
2024-09-13 12:38:21,Ricevuto pkt
2024-09-13 12:38:21,Ricevuto pkt
2024-09-13 12:38:21,Ricevuto pkt
2024-09-13 12:38:21,Ricevuto pkt
2024-09-13 12:38:21,Ricevuto pkt
2024-09-13 12:38:21,Ricevuto pkt
2024-09-13 12:38:21,Ricevuto pkt
2024-09-13 12:38:21,Ricevuto pkt
2024-09-13 12:38:21,Ricevuto pkt
2024-09-13 12:38:21,Ricevuto pkt
2024-09-13 12:38:21,Ricevuto pkt
2024-09-13 12:38:21,Ricevuto pkt
2024-09-13 12:38:21,Ricevuto pkt
2024-09-13 12:38:21,Ricevuto pkt
2024-09-13 12:38:21,Ricevuto pkt
2024-09-13 12:38:21,Ricevuto pkt
2024-09-13 12:38:22,Ricevuto pkt
2024-09-13 12:38:22,Ricevuto pkt
2024-09-13 12:38:22,Ricevuto pkt
2024-09-13 12:38:23,Ricevuto pkt
2024-09-13 12:38:23,Ricevuto pkt
2024-09-13 12:38:23,Ricevuto pkt
2024-09-13 12:38:23,Ricevuto pkt
2024-09-13 12:38:23,Ricevuto pkt
2024-09-13 12:38:23,Ricevuto pkt
2024-09-13 12:38:23,Ricevuto pkt
2024-09-13 12:38:23,Ricevuto pkt
2024-09-13 12:38:23,Ricevuto pkt
2024-09-13 12:38:23,Ricevuto pkt
2024-09-13 12:38:23,Ricevuto pkt
2024-09-13 12:38:23,Ricevuto pkt
2024-09-13 12:38:23,Ricevuto pkt
2024-09-13 12:38:23,Ricevuto pkt
2024-09-13 12:38:25,Ricevuto pkt
2024-09-13 12:38:25,Ricevuto pkt
2024-09-13 12:38:25,Ricevuto pkt
2024-09-13 12:38:25,Ricevuto pkt
2024-09-13 12:38:25,Ricevuto pkt
2024-09-13 12:38:25,Ricevuto pkt
2024-09-13 12:38:25,Ricevuto pkt
2024-09-13 12:38:25,Ricevuto pkt
2024-09-13 12:38:25,Ricevuto pkt
2024-09-13 12:38:25,Ricevuto pkt
2024-09-13 12:38:25,Ricevuto pkt
